[
  "POLO ZONA SUL - PORTO ALEGRE - RS",
  "POLO WEST SHOPPING - CAMPO GRANDE - RJ",
  "POLO WEISSÓPOLIS - PINHAIS - PR",
  "POLO VOLTA REDONDA - RJ",
  "POLO VL SILVA RIB - CARAPICUÍBA - SP",
  "POLO VL SÃO JOSÉ - SÃO PAULO - SP",
  "POLO VL GUSTAVO COR - CARAPICUÍBA - SP",
  "POLO VITAL - ROSÁRIO DA LIMEIRA - MG",
  "POLO VILAR DOS TELES - SÃO JOÃO DE MERITI - RJ",
  "POLO VILA VALQUEIRE - RIO DE JANEIRO -  RJ",
  "POLO VILA TEIXEIRA - SALTO - SP",
  "POLO VILA STA MARIA - IPAMERI - GO",
  "POLO VILA SÃO PAULO - SÃO PAULO - SP",
  "POLO VILA RICA - GOVERNADOR VALADARES - MG",
  "POLO VILA RACHEL - ALMIRANTE TAMANDARÉ - PR",
  "POLO VILA PLANALTO - CAMPO GRANDE - MS",
  "POLO VILA NOVA - SÃO BENTO - MA",
  "POLO VILA NOVA - BARRA MANSA - RJ",
  "POLO VILA JOANA DARC - LAGOA SANTA - MG",
  "POLO VILA BRASÍLIA - APARECIDA DE GOIÂNIA - GO",
  "POLO VILA ANDRADE - SÃO PAULO - SP",
  "POLO VIA CORPVS - FORTALEZA - CE",
  "POLO VIA BRASIL - RIO DE JANEIRO - RJ",
  "POLO VERA CRUZ - APARECIDA DE GOIÂNIA - GO",
  "POLO VENDA NOVA - BELO HORIZONTE - MG",
  "POLO VENDA DA CRUZ - SÃO GONÇALO - RJ",
  "POLO VÁRZEA - TERESÓPOLIS - RJ",
  "POLO VARJOTA - VARZEA ALEGRE - CE",
  "POLO VALE DO SOL - CONCEIÇÃO DO RIO VERDE - MG",
  "POLO UNIJIPA - RO",
  "POLO UNIÃO - BELO HORIZONTE - MG",
  "POLO UBÁ - MG",
  "POLO TRANQUEIRA - ALTOS - PI",
  "POLO TOM JOBIM - BARRA DA TIJUCA - RJ",
  "POLO TIJUCA - RIO DE JANEIRO - RJ",
  "POLO TERMINAL PARELHEIROS - SÃO PAULO - SP",
  "POLO TAMOIOS - CABO FRIO - RJ",
  "POLO TAMBIÁ - JOÃO PESSOA - PB",
  "POLO TABULEIRO - MACEIÓ - AL",
  "POLO TABOÃO - DIADEMA - SP",
  "POLO SUMARÉ - CARAGUATATUBA - SP",
  "POLO SULACAP - RIO DE JANEIRO - RJ",
  "POLO STIEP GIL - SALVADOR - BA",
  "POLO ST MORADA DO SOL - GOIÂNIA - GO",
  "POLO ST AUGUSTO JOSE VALENTE I - POSSE - GO",
  "POLO SIQUEIRA CAMPOS - ARACAJU - SE",
  "POLO SHOPPING PARK - UBERLÂNDIA - MG",
  "POLO SHOP BELA VISTA - SALVADOR - BA",
  "POLO SETOR O - BRASÍLIA - DF",
  "POLO SETOR MORAIS - GOIÂNIA - GO",
  "POLO SETOR MARISTA - GOIÂNIA - GO",
  "POLO SETOR COMERCIAL - SINOP - MT",
  "POLO SETOR COIMBRA - GOIÂNIA - GO",
  "POLO SETOR CENTRAL - PIRES DO RIO - GO",
  "POLO SETOR AEROPORTO II - ARUANÃ - GO",
  "POLO SERRARIA - DIADEMA - SP",
  "POLO SAVASSI II - BELO HORIZONTE - MG",
  "POLO SARACURUNA - DUQUE DE CAXIAS- RJ",
  "POLO SÃO VICENTE - SALINÓPOLIS - PA",
  "POLO SÃO SEBASTIÃO - UNIÃO - PI",
  "POLO SÃO SEBASTIÃO - NOVA CRUZ - RN",
  "POLO SÃO SEBASTIÃO - BRASÍLIA - DF",
  "POLO SÃO PEDRO DA ALDEIA - RIO DE JANEIRO - RJ",
  "POLO SÃO MIGUEL PAULISTA - SÃO PAULO - SP",
  "POLO SÃO JOSÉ I - MANAUS - AM",
  "POLO SÃO JORGE - PINHEIRAL - RJ",
  "POLO SÃO JOÃO DEL REI - MG",
  "POLO SÃO JOÃO - TERESINA - PI",
  "POLO SÃO FRANCISCO - BOA VISTA - RR",
  "POLO SÃO FIDÉLIS - RIO DE JANEIRO - RJ",
  "POLO SANTOS DUMONT - TABOÃO DA SERRA - SP",
  "POLO SANTOS DUMONT - PIRAPORA - MG",
  "POLO SANTO ANTÔNIO - TAQUARI - RS",
  "POLO SANTA RITA - AMARGOSA - BA",
  "POLO SANTA MÔNICA - FEIRA DE SANTANA - BA",
  "POLO SANTA LUZIA - MG",
  "POLO SANTA HELENA - CACHOEIRA DO SUL - RS",
  "POLO SANTA GENOVEVA - GOIÂNIA - GO",
  "POLO SANTA EFIGÊNIA - BELO HORIZONTE - MG",
  "POLO SANTA CRUZ - RIO DE JANEIRO - RJ",
  "POLO SANDRA REGINA - BARREIRAS - BA",
  "POLO SALGADO FILHO - ARACAJU - SE",
  "POLO RURAL - ANTÔNIO PRADO - RS",
  "POLO RUA TEREZA - PETRÓPOLIS - RJ",
  "POLO ROSA ELZE - SÃO CRISTÓVÃO - SE",
  "POLO RODOVIÁRIO - GOIÂNIA - GO",
  "POLO RIO VERMELHO - SALVADOR - BA",
  "POLO RIO COMPRIDO - RIO DE JANEIRO - RJ",
  "POLO RIO BRANCO - JUIZ DE FORA - MG",
  "POLO RIACHO FUNDO II - BRASÍLIA - DF",
  "POLO RIACHO DAS PEDRAS - CONTAGEM - MG",
  "POLO RIACHO - BARREIRINHAS - MA",
  "POLO RETIRO - VOLTA REDONDA - RJ",
  "POLO RETIRO - CONTAGEM - MG",
  "POLO RESENDE 2 - ULIANÓPOLIS - PA",
  "POLO RESENDE - RJ",
  "POLO RES ÁGUA SANTA - RIO VERDE - GO",
  "POLO RECREIO POSTO 12 - RIO DE JANEIRO - RJ",
  "POLO REALENGO - RIO DE JANEIRO - RJ",
  "POLO R9 - TAQUARA - RJ",
  "POLO QUEIMADOS - RJ",
  "POLO PRQ 10 DE NOVEMBRO - MANAUS - AM",
  "POLO PRINC IZABEL - CACHOEIRINHA - RS",
  "POLO PRESIDENTE WILSON - CENTRO - SÃO VICENTE - SP",
  "POLO PRES COSTA E SILVA - ITAPERUNA - RJ",
  "POLO PRAZERES - JABOATÃO DOS GUARARAPES - PE",
  "POLO PRAINHA - PEDREIRAS - MA",
  "POLO PRADO - BELO HORIZONTE - MG",
  "POLO PRAÇA SECA - RIO DE JANEIRO - RJ",
  "POLO PQ ESTRELA DALVA  - NOVO GAMA - GO",
  "POLO POSSE - NOVA IGUAÇU - RJ",
  "POLO PORTO DA ROÇA - SAQUAREMA - RJ",
  "POLO PONTE SÃO JOÃO - JUNDIAÍ - SP",
  "POLO PONTA DOS CASTELHANOS - ANCHIETA - ES",
  "POLO PLANALTO - UBERLÂNDIA - MG",
  "POLO PLANALTO - BELO HORIZONTE - MG",
  "POLO PLANALTINA - BRASÍLIA - DF",
  "POLO PL DIRETOR SUL - PALMAS - TO",
  "POLO PL DIRETOR NORTE - PALMAS - TO",
  "POLO PITANGUEIRAS - LAURO DE FREITAS - BA",
  "POLO PIRITUBA - SÃO PAULO - SP",
  "POLO PIONEIRO - CATU - BA",
  "POLO PILAR - OURO PRETO - MG",
  "POLO PIEDADE - JABOATÃO DOS GUARARAPES - PE",
  "POLO PIÇARREIRA - TERESINA - PI",
  "POLO PIABETA - MAGÉ - RJ",
  "POLO PETRÓPOLIS - RJ",
  "POLO PENHA SHOPPING - RIO DE JANEIRO - RJ",
  "POLO PENHA - SÃO PAULO - SP",
  "POLO PE - 22 - PAULISTA - PE",
  "POLO PAULISTA - SÃO PAULO - SP",
  "POLO PARQUE VERDE - BELÉM - PA",
  "POLO PARANGABA - FORTALEZA - CE",
  "POLO PARADA TAIPAS - SÃO PAULO - SP",
  "POLO PARADA ANGÉLICA - DUQUE DE CAXIAS - RJ",
  "POLO PADRE EUSTÁQUIO - BELO HORIZONTE - MG",
  "POLO PACIÊNCIA - RIO DE JANEIRO - RJ",
  "POLO OURO PRETO - BELO HORIZONTE - MG",
  "POLO OLEGÁRIO - CALDAS NOVAS - GO",
  "POLO OLARIA - NOVA FRIBURGO - RJ",
  "POLO NOVA OURINHOS - OURINHOS - SP",
  "POLO NOVA ITAPEVI - ITAPEVI - SP",
  "POLO NOVA IGUAÇU - RJ",
  "POLO NOVA FRIBURGO - RJ",
  "POLO NOVA CIDADE - MANAUS - AM",
  "POLO NOVA AMÉRICA - RIO DE JANEIRO - RJ",
  "POLO NOSSA SRA DE FÁTIMA- SAO LOURENÇO - MG",
  "POLO NORTE SHOPPING - RIO DE JANEIRO - RJ",
  "POLO NITERÓI II - CANOAS - RS",
  "POLO NITERÓI - RJ",
  "POLO NEW FASHION - TERESÓPOLIS - RJ",
  "POLO NAZARÉ - BELÉM - PA",
  "POLO NAÇÕES - BALNEÁRIO CAMBORIÚ - SC",
  "POLO N. SRA. DAS GRAÇAS - RIO CASCA - MG",
  "POLO N. SRA. DAS DORES - CARUARU - PE",
  "POLO MOSQUEIRO - BELÉM - PA",
  "POLO MORRO DO LEÔNCIO - TAQUARA - RS",
  "POLO MONDUBIM - FORTALEZA - CE",
  "POLO MINAÇU NORTE - MINAÇU - GO",
  "POLO MIMOSO DO OESTE - LUIS EDUARDO MAGALHÃES - BA",
  "POLO MIGUEL SUTIL - CUIABÁ - MT",
  "POLO MESSEJANA - FORTALEZA - CE",
  "POLO MÉIER - RIO DE JANEIRO - RJ",
  "POLO MAURÍCIO NASSAU - CARUARU - PE",
  "POLO MARCO - BELÉM - PA",
  "POLO MARACANÃ - RIO DE JANEIRO - RJ",
  "POLO MARACANÃ - ANÁPOLIS - GO",
  "POLO MANILHA - ITABORAÍ - RJ",
  "POLO MANAÍRA - JOÃO PESSOA - PB",
  "POLO MAMBUCABA - ANGRA DOS REIS - RJ",
  "POLO MADUREIRA - RIO DE JANEIRO - RJ",
  "POLO MACAÉ - RIO DE JANEIRO - RJ",
  "POLO LOTE XV - BELFORD ROXO - RJ",
  "POLO LOT NOVA MOGI - MOGI MIRIM - SP",
  "POLO LÍDER - CHAPECÓ - SC",
  "POLO LEADER - JACOBINA - BA",
  "POLO LARGO DO MACHADO - RIO DE JANEIRO - RJ",
  "POLO LARANJEIRAS - SERRA - ES",
  "POLO LAGUINHO - MACAPÁ - AP",
  "POLO JUNDIAPEBA - MOGI DAS CRUZES - SP",
  "POLO JOSÉ BRANDÃO - CAETÉ - MG",
  "POLO JD. TROPICAL - OURO PRETO DO OESTE - RO",
  "POLO JD PRIMAVERA - VÁRZEA PAULISTA - SP",
  "POLO JD MARIA LUIZA - SÃO PAULO - SP",
  "POLO JD IRAJÁ - RIBEIRÃO PRETO - SP",
  "POLO JD EQUATORIAL - MACAPÁ - AP",
  "POLO JD CAMBURI - VITÓRIA - ES",
  "POLO JD BELA VISTA - ITAMBÉ - PE",
  "POLO JD AMÉRICA - ITAGUAÍ - RJ",
  "POLO JD ADELAIDE - HIDROLÂNDIA - GO",
  "POLO JATIÚCA - MACEIÓ - AL",
  "POLO JARDIM SOUZA - SÃO PAULO - SP",
  "POLO JARDIM PAULISTA - CAMPINA GRANDE DO SUL - PR",
  "POLO JARDIM GOIÁS - GOIÂNIA - GO",
  "POLO JARDIM DOS ESTADOS - POÇOS DE CALDAS - MG",
  "POLO JARDIM DA GLÓRIA - COTIA - SP",
  "POLO JARDIM CENTRAL - CAJATI - SP",
  "POLO JARDIM CATARINA - SÃO GONÇALO - RJ",
  "POLO JARDIM CAMPO VERDE - CAMPO VERDE - MT",
  "POLO JARDIM AMÉRICA - GOIÂNIA - GO",
  "POLO JAPIIM - MANAUS - AM",
  "POLO JACUECANGA I - ANGRA DOS REIS - RJ",
  "POLO JACINTINHO - MACEIÓ - AL",
  "POLO JACAREPAGUÁ - RIO DE JANEIRO - RJ",
  "POLO JACARAÍPE - SERRA - ES",
  "POLO ITAQUERA - SÃO PAULO - SP",
  "POLO ITAIPUAÇU - MARICÁ - RJ",
  "POLO ITAIPU REG. OCEÂNICA - NITERÓI - RJ",
  "POLO ITAIPAVA - PETRÓPOLIS - RJ",
  "POLO IPUTINGA - RECIFE - PE",
  "POLO IPIRANGA - RIBEIRÃO PRETO - SP",
  "POLO IPIRANGA - PORTO ALEGRE - RS",
  "POLO ILHA DO LAZARETO - ALÉM PARAÍBA - MG",
  "POLO ILHA DO GOVERNADOR TAUÁ - RIO DE JANEIRO -RJ",
  "POLO ILHA DO GOVERNADOR - RJ",
  "POLO ICARAÍ - NITERÓI - RJ",
  "POLO IBITIQUARA - CACHOEIRO DE ITAPEMIRIM - ES",
  "POLO HELIÓPOLIS - BELFORD ROXO - RJ",
  "POLO GUARUS - CAMPOS DOS GOYTACAZES - RJ",
  "POLO GUARATIBA - RIO DE JANEIRO - RJ",
  "POLO GUAPIMIRIM - RIO DE JANEIRO - RJ",
  "POLO GUAIANASES II - SÃO PAULO - SP",
  "POLO GUAIANASES - SÃO PAULO - SP",
  "POLO GUADALUPE - RIO DE JANEIRO - RJ",
  "POLO GRAMACHO - DUQUE DE CAXIAS - RJ",
  "POLO GRAJAÚ - SÃO PAULO - SP",
  "POLO GRAJAÚ - RIO DE JANEIRO - RJ",
  "POLO GOITACAZES - CAMPOS DOS GOYTACAZES - RJ",
  "POLO GOIABEIRAS - CUIABÁ - MT",
  "POLO GLEBA A - SANTANA DE PARNAÍBA - SP",
  "POLO FSP - RO",
  "POLO FREI HIGINO - PARNAÍBA - PI",
  "POLO FOZ DO IGUAÇU - CAMPOS DO IGUAÇU - PR",
  "POLO FONSECA - NITERÓI - RJ",
  "POLO FOMENTO - PINHEIRO - MA",
  "POLO FLORESTA - PORTO ALEGRE - RS",
  "POLO FERNANDO CORREA - CAMPO GRANDE - MS",
  "POLO FAVEIRA - SÃO BERNARDO - MA",
  "POLO FAROLÂNDIA - ARACAJU - SE",
  "POLO FAPAN - CÁCERES - MT",
  "POLO FAP - PIMENTA BUENO - RO",
  "POLO ESTAÇÃO TATUAPÉ - SÃO PAULO - SP",
  "POLO ESTAÇÃO - GOIÂNIA - GO",
  "POLO ENCRUZILHADA - RECIFE - PE",
  "POLO ELDORADO CENTRO - ARAPIRACA - AL",
  "POLO DUQUE DE CAXIAS - RJ",
  "POLO DOWNTOWN - BARRA DA TIJUCA - RJ",
  "POLO DISTR VILA DOS CABANOS II - BARCARENA - PA",
  "POLO DISTR UNAMAR - CABO FRIO - RJ",
  "POLO DISTR UBATUBA - S. FRANCISCO DO SUL - SC",
  "POLO DISTR TEIXEIRA DE FREITAS - URBIS I - BA",
  "POLO DISTR SÃO PEDRO - BOM JESUS - PI",
  "POLO DISTR SÃO JOSÉ - MANACAPURU - AM",
  "POLO DISTR SANTO ANTONIO - MOSSORÓ - RN",
  "POLO DISTR SANTA ETELVINA - MANAUS - AM",
  "POLO DISTR SACRAMENTA - BELÉM - PA",
  "POLO DISTR S. CONRADO - RIO DE JANEIRO - RJ",
  "POLO DISTR RODOVIA BR 407 - JUAZEIRO - BA",
  "POLO DISTR RIO BRANCO - NOVO HAMBURGO - RS",
  "POLO DISTR REDUTO - BELÉM - PA",
  "POLO DISTR PLANALTO - MANAUS - AM",
  "POLO DISTR PITIMBU - NATAL - RN",
  "POLO DISTR PITANGUEIRAS - GUARUJÁ - SP",
  "POLO DISTR NITERÓI - IUNA - ES",
  "POLO DISTR N SRA DA SAÚDE - PIRANHAS - AL",
  "POLO DISTR MURITIBA - JAGUAQUARA - BA",
  "POLO DISTR LIMÃO - SÃO PAULO - SP",
  "POLO DISTR LIBERDADE - MAZAGÃO - AP",
  "POLO DISTR LEANDRO BEZERRA - CARAÚBAS - RN",
  "POLO DISTR JOSÉ WALTER - FORTALEZA - CE",
  "POLO DISTR JEREISSATI I - MARACANAÚ - CE",
  "POLO DISTR JD SÃO JOSÉ - BRAGANÇA PAULISTA - SP",
  "POLO DISTR JD S. CRISTOVÃO - SÃO LUÍS - MA",
  "POLO DISTR JD PRESIDENTE - GOIÂNIA - GO",
  "POLO DISTR ITARARÉ - TERESINA - PI",
  "POLO DISTR GALERIA DE MOÁ - GRAVATÁ - PE",
  "POLO DISTR ETAPA A - VALPARAÍSO DE GOIÁS - GO",
  "POLO DISTR DAMAS - FORTALEZA - CE",
  "POLO DISTR D. INDUSTRIAL - CUIABÁ - MT",
  "POLO DISTR CRUZ DAS ALMAS - CENTRO - BA",
  "POLO DISTR COHABINAL - PARNAMIRIM - RN",
  "POLO DISTR CNT - ITUPIRANGA - PA",
  "POLO DISTR CNT - ITABORAÍ - RJ",
  "POLO DISTR CIDADE NOVA III - MANAUS - AM",
  "POLO DISTR CIDADE NOBRE - IPATINGA - MG",
  "POLO DISTR CENTRO II - ROLÂNDIA - PR",
  "POLO DISTR CENTRO - VERA CRUZ - BA",
  "POLO DISTR CENTRO - TELÊMACO BORBA - PR",
  "POLO DISTR CENTRO - SENADOR POMPEU - CE",
  "POLO DISTR CENTRO - SAPÉ - PB",
  "POLO DISTR CENTRO - SÃO GABRIEL - RS",
  "POLO DISTR CENTRO - SÃO CARLOS - SC",
  "POLO DISTR CENTRO - SÃO BENEDITO - CE",
  "POLO DISTR CENTRO - SANTANA DA VARGEM - MG",
  "POLO DISTR CENTRO - SANTA RITA - PB",
  "POLO DISTR CENTRO - SANTA QUITÉRIA - CE",
  "POLO DISTR CENTRO - S. ANTÔNIO DE JESUS - BA",
  "POLO DISTR CENTRO - RONDA ALTA - RS",
  "POLO DISTR CENTRO - REMANSO - BA",
  "POLO DISTR CENTRO - PINHALZINHO - SP",
  "POLO DISTR CENTRO - PILÃO ARCADO - BA",
  "POLO DISTR CENTRO - PALMARES - PE",
  "POLO DISTR CENTRO - ORTIGUEIRA - PR",
  "POLO DISTR CENTRO - OLIVEIRA - MG",
  "POLO DISTR CENTRO - NOVA ANDRADINA - MS",
  "POLO DISTR CENTRO - MIRASSOL D'OESTE - MT",
  "POLO DISTR CENTRO - MAURITI - CE",
  "POLO DISTR CENTRO - MATÕES DO NORTE - MA",
  "POLO DISTR CENTRO - MARINGÁ - PR",
  "POLO DISTR CENTRO - MACAÍBA - RN",
  "POLO DISTR CENTRO - JAGUARE - ES",
  "POLO DISTR CENTRO - ITAITINGA - CE",
  "POLO DISTR CENTRO - ITABUNA - BA",
  "POLO DISTR CENTRO - ITABIRA - MG",
  "POLO DISTR CENTRO - ITABERAI - GO",
  "POLO DISTR CENTRO - IRANDUBA - AM",
  "POLO DISTR CENTRO - IPUEIRAS - CE",
  "POLO DISTR CENTRO - INHAPIM - MG",
  "POLO DISTR CENTRO - GRAJAÚ - MA",
  "POLO DISTR CENTRO - FRUTAL - MG",
  "POLO DISTR CENTRO - CUPIRA - PE",
  "POLO DISTR CENTRO - CRATEÚS - CE",
  "POLO DISTR CENTRO - CODÓ - MA",
  "POLO DISTR CENTRO - CIDADE OCIDENTAL - GO",
  "POLO DISTR CENTRO - CASSILANDIA - MS",
  "POLO DISTR CENTRO - CASCAVEL - CE",
  "POLO DISTR CENTRO - CANINDÉ - CE",
  "POLO DISTR CENTRO - CANGUARETAMA - RN",
  "POLO DISTR CENTRO - CANDIDO MOTA - SP",
  "POLO DISTR CENTRO - BEBERIBE - CE",
  "POLO DISTR CENTRO - BACABAL - MA",
  "POLO DISTR CENTRO - ARACATI - CE",
  "POLO DISTR CENTRO - ALTO GARÇAS - MT",
  "POLO DISTR CENTRO - ALMERIM - PA",
  "POLO DISTR CENTRO - ÁGUA BOA - MG",
  "POLO DISTR CENTRO - ABARÉ - BA",
  "POLO DISTR CENTRAL II - SANTANA - AP",
  "POLO DISTR C. - TERENOS - MS",
  "POLO DISTR C. - IRARÁ - BA",
  "POLO DISTR C - ILHÉUS - BA",
  "POLO DISTR BOSQUE - RIO BRANCO - AC",
  "POLO DISTR ANJO DA GUARDA - SÃO LUÍS - MA",
  "POLO DISTR ANGELIM - SÃO LUÍS - MA",
  "POLO DISTR ALTO PARANÁ - REDENÇÃO - PA",
  "POLO DISTR AEROPORTO - PORTO GRANDE - AP",
  "POLO DISTR AÇAIZAL - PRAINHA - PA",
  "POLO DIAMANTE - SÃO LUIS - MA",
  "POLO CRUZEIRO ICOARACI - BELÉM - PA",
  "POLO CRUZEIRO - POJUCA - BA",
  "POLO CRISTAL - PORTO ALEGRE - RS",
  "POLO CREMAÇÃO - BELÉM - PA",
  "POLO CORÉIA - JUAZEIRO - BA",
  "POLO COQUEIRO - ITAPIPOCA - CE",
  "POLO COQUEIRO - ANANINDEUA - PA",
  "POLO COPACABANA - RIO DE JANEIRO - RJ",
  "POLO COPACABANA - CRUZEIRO DO SUL - AC",
  "POLO CONCEIÇÃO - SÃO PAULO - SP",
  "POLO COMENDADOR SOARES - NOVA IGUAÇU - RJ",
  "POLO COLÔNIA TERRA NOVA II - MANAUS - AM",
  "POLO CIDADE NOVA II - MANAUS - AM",
  "POLO CID UNIVERSIT. - JUAZEIRO DO NORTE - CE",
  "POLO CHAPADA - MANAUS - AM",
  "POLO CÉU AZUL - BELO HORIZONTE - MG",
  "POLO CENTRO II - XANGRI - LÁ - RS",
  "POLO CENTRO II - PATOS DE MINAS - MG",
  "POLO CENTRO II - LUCAS DO RIO VERDE - MT",
  "POLO CENTRO II - ITABAIANA - PB",
  "POLO CENTRO II - GRAVATAÍ - RS",
  "POLO CENTRO II - DIADEMA - SP",
  "POLO CENTRO I - RIO DE JANEIRO - RJ",
  "POLO CENTRO I - CAMPO GRANDE - MS",
  "POLO CENTRO HISTÓRICO - PARANAGUÁ - PR",
  "POLO CENTRO ESPERANÇA- PB",
  "POLO CENTRO - ZE DOCA - MA",
  "POLO CENTRO - XINGUARA - PA",
  "POLO CENTRO - VITORIA DO MEARIM - MA",
  "POLO CENTRO - VINHEDO - SP",
  "POLO CENTRO - VILA VELHA - ES",
  "POLO CENTRO - VICOSA DO CEARA - CE",
  "POLO CENTRO - VIANA - ES",
  "POLO CENTRO - VIAMÃO - RS",
  "POLO CENTRO - VESPASIANO - MG",
  "POLO CENTRO - VASSOURAS - RJ",
  "POLO CENTRO - VARGINHA - MG",
  "POLO CENTRO - VARGEM GRANDE - MA",
  "POLO CENTRO - VALENÇA - RJ",
  "POLO CENTRO - URUACU - GO",
  "POLO CENTRO - UNIAO DA VITORIA - PR",
  "POLO CENTRO - UBAI - MG",
  "POLO CENTRO - TUTÓIA - MA",
  "POLO CENTRO - TURIACU - MA",
  "POLO CENTRO - TUPA - SP",
  "POLO CENTRO - TRES RIOS - RJ",
  "POLO CENTRO - TRES PONTAS - MG",
  "POLO CENTRO - TRES CORACOES - MG",
  "POLO CENTRO - TRAIRAO - PA",
  "POLO CENTRO - TORRES - RS",
  "POLO CENTRO - TOLEDO - PR",
  "POLO CENTRO - TOBIAS BARRETO - SE",
  "POLO CENTRO - TIJUCAS - SC",
  "POLO CENTRO - TIANGUA - CE",
  "POLO CENTRO - TEÓFILO OTONI - MG",
  "POLO CENTRO - TANGUA - RJ",
  "POLO CENTRO - TANGARÁ DA SERRA - MT",
  "POLO CENTRO - TAIOBEIRAS - MG",
  "POLO CENTRO - TABIRA - PE",
  "POLO CENTRO - SUZANO - SP",
  "POLO CENTRO - SUMIDOURO - RJ",
  "POLO CENTRO - SORRISO - MT",
  "POLO CENTRO - SOLONÓPOLE - CE",
  "POLO CENTRO - SOBRAL - CE",
  "POLO CENTRO - SOBRADINHO - BA",
  "POLO CENTRO - SIMOLÂNDIA - GO",
  "POLO CENTRO - SERRANA - SP",
  "POLO CENTRO - SERRA - ES",
  "POLO CENTRO - SENHOR DO BONFIM - BA",
  "POLO CENTRO - SARZEDO - MG",
  "POLO CENTRO - SAPUCAIA DO SUL - RS",
  "POLO CENTRO - SAPUCAIA - RJ",
  "POLO CENTRO - SAPIRANGA - RS",
  "POLO CENTRO - SÃO VICENTE FÉRRER - MA",
  "POLO CENTRO - SÃO VICENTE - SP",
  "POLO CENTRO - SÃO SEBASTIÃO DO PARAÍSO - MG",
  "POLO CENTRO - SÃO SEBASTIÃO - AL",
  "POLO CENTRO - SAO MIGUEL DO GUAPORE - RO",
  "POLO CENTRO - SÃO LOURENÇO DO SUL - RS",
  "POLO CENTRO - SÃO LOURENÇO DA MATA - PE",
  "POLO CENTRO - SÃO JOSÉ DOS PINHAIS - PR",
  "POLO CENTRO - SAO JOSE DO VALE DO RIO PRETO - RJ",
  "POLO CENTRO - SÃO JOSÉ DE MIPIBU - RN",
  "POLO CENTRO - SAO JOAO NEPOMUCENO - MG",
  "POLO CENTRO - SÃO JOÃO DE MERITI - RJ",
  "POLO CENTRO - SÃO GONÇALO - RJ",
  "POLO CENTRO - SAO GABRIEL DO OESTE - MS",
  "POLO CENTRO - SAO GABRIEL DA PALHA - ES",
  "POLO CENTRO - SÃO FRANCISCO DE ITABAPOANA - RJ",
  "POLO CENTRO - SAO FRANCISCO - MG",
  "POLO CENTRO - SÃO CAETANO DO SUL - SP",
  "POLO CENTRO - SÃO BERNARDO DO CAMPO - SP",
  "POLO CENTRO - SANTOS DUMONT - MG",
  "POLO CENTRO - SANTO ESTÊVÃO - BA",
  "POLO CENTRO - SANTO ANTÔNIO DE PÁDUA - RJ",
  "POLO CENTRO - SANTO ANTÔNIO - RN",
  "POLO CENTRO - SANTALUZ - BA",
  "POLO CENTRO - SANTA ROSA - RS",
  "POLO CENTRO - SANTA RITA DO SAPUCAI - MG",
  "POLO CENTRO - SANTA MARIA MADALENA - RJ",
  "POLO CENTRO - SANTA HELENA DE GOIÁS - GO",
  "POLO CENTRO - SALGADO - SE",
  "POLO CENTRO - RORAINOPOLIS - RR",
  "POLO CENTRO - RIO DO SUL - SC",
  "POLO CENTRO - RIO DAS OSTRAS - RJ",
  "POLO CENTRO - RIO BONITO - RJ",
  "POLO CENTRO - RIBEIRÃO DAS NEVES - MG",
  "POLO CENTRO - RIBEIRA DO POMBAL - BA",
  "POLO CENTRO - REGISTRO - SP",
  "POLO CENTRO - RAUL SOARES - MG",
  "POLO CENTRO - QUITERIANÓPOLIS - CE",
  "POLO CENTRO - QUISSAMÃ - RJ",
  "POLO CENTRO - QUIRINOPOLIS - GO",
  "POLO CENTRO - PROPRIA - SE",
  "POLO CENTRO - PRESIDENTE DUTRA - MA",
  "POLO CENTRO - PORTO REAL - RJ",
  "POLO CENTRO - PORTO FRANCO - MA",
  "POLO CENTRO - PORTO DE MOZ - PA",
  "POLO CENTRO - PORTO DA FOLHA - SE",
  "POLO CENTRO - PORTEIRINHA - MG",
  "POLO CENTRO - PORCIÚNCULA - RJ",
  "POLO CENTRO - PORANGATU - GO",
  "POLO CENTRO - PONTES E LACERDA - MT",
  "POLO CENTRO - PONTE NOVA - MG",
  "POLO CENTRO - PONTA GROSSA - PR",
  "POLO CENTRO - POMPÉU - MG",
  "POLO CENTRO - PIUMHI - MG",
  "POLO CENTRO - PITANGUEIRAS - SP",
  "POLO CENTRO - PIRIPIRI - PI",
  "POLO CENTRO - PINDAMONHANGABA - SP",
  "POLO CENTRO - PETROLINA - PE",
  "POLO CENTRO - PESQUEIRA - PE",
  "POLO CENTRO - PERUÍBE - SP",
  "POLO CENTRO - PENALVA - MA",
  "POLO CENTRO - PELOTAS - RS",
  "POLO CENTRO - PEDRO LEOPOLDO - MG",
  "POLO CENTRO - PEDRA BRANCA DO AMAPARÍ - AP",
  "POLO CENTRO - PEDRA BRANCA - CE",
  "POLO CENTRO - PAULO AFONSO - BA",
  "POLO CENTRO - PAULISTA - PE",
  "POLO CENTRO - PAUDALHO - PE",
  "POLO CENTRO - PATY DO ALFERES - RJ",
  "POLO CENTRO - PATROCÍNIO - MG",
  "POLO CENTRO - PATO BRANCO - PR",
  "POLO CENTRO - PASSA QUATRO - MG",
  "POLO CENTRO - PARNARAMA - MA",
  "POLO CENTRO - PARATY - RJ",
  "POLO CENTRO - PARANAIBA - MS",
  "POLO CENTRO - PARAMBU - CE",
  "POLO CENTRO - PARAISO DO TOCANTINS - TO",
  "POLO CENTRO - PARAIBA DO SUL - RJ",
  "POLO CENTRO - PARACAMBI - RJ",
  "POLO CENTRO - PARÁ DE MINAS - MG",
  "POLO CENTRO - PADRE BERNARDO - GO",
  "POLO CENTRO - ORIZONA - GO",
  "POLO CENTRO - OLIMPIA - SP",
  "POLO CENTRO - NUPORANGA - SP",
  "POLO CENTRO - NOVO ORIENTE - CE",
  "POLO CENTRO - NOVA XAVANTINA - MT",
  "POLO CENTRO - NOVA VENECIA - ES",
  "POLO CENTRO - NOVA LIMA - MG",
  "POLO CENTRO - NOVA IGUAÇU - RJ",
  "POLO CENTRO - NIQUELANDIA - GO",
  "POLO CENTRO - NILÓPOLIS - RJ",
  "POLO CENTRO - NEROPOLIS - GO",
  "POLO CENTRO - NATIVIDADE - RJ",
  "POLO CENTRO - MURIAÉ - MG",
  "POLO CENTRO - MUCURI - BA",
  "POLO CENTRO - MUANA - PA",
  "POLO CENTRO - MOSTARDAS - RS",
  "POLO CENTRO - MORRO DO CHAPÉU - BA",
  "POLO CENTRO - MORENO - PE",
  "POLO CENTRO - MONTEZUMA - MG",
  "POLO CENTRO - MONTE SANTO - BA",
  "POLO CENTRO - MONTE AZUL PAULISTA - SP",
  "POLO CENTRO - MOMBAÇA - CE",
  "POLO CENTRO - MOJU - PA",
  "POLO CENTRO - MIRACEMA - RJ",
  "POLO CENTRO - MILAGRES - CE",
  "POLO CENTRO - MIGUEL PEREIRA - RJ",
  "POLO CENTRO - MESQUITA - RJ",
  "POLO CENTRO - MENDES - RJ",
  "POLO CENTRO - MATIAS BARBOSA - MG",
  "POLO CENTRO - MARICÁ - RJ",
  "POLO CENTRO - MARECHAL CANDIDO RONDON - PR",
  "POLO CENTRO - MARATAIZES - ES",
  "POLO CENTRO - MARACACUME - MA",
  "POLO CENTRO - MANAUS - AM",
  "POLO CENTRO - MAMANGUAPE - PB",
  "POLO CENTRO - MALLET - PR",
  "POLO CENTRO - MALACACHETA - MG",
  "POLO CENTRO - MAIRINQUE - SP",
  "POLO CENTRO - MAGÉ - RJ",
  "POLO CENTRO - MADRE DE DEUS - BA",
  "POLO CENTRO - MACAÉ - RJ",
  "POLO CENTRO - LUZIÂNIA - GO",
  "POLO CENTRO - LOUVEIRA - SP",
  "POLO CENTRO - LIMOEIRO - PE",
  "POLO CENTRO - LEME - SP",
  "POLO CENTRO - LARANJAL DO JARI - AP",
  "POLO CENTRO - LAJEADO - RS",
  "POLO CENTRO - LAGARTO - SE",
  "POLO CENTRO - JUSSARA - GO",
  "POLO CENTRO - JUAZEIRO DO NORTE - CE",
  "POLO CENTRO - JOAO MONLEVADE - MG",
  "POLO CENTRO - JOÃO CÂMARA - RN",
  "POLO CENTRO - JEREMOABO - BA",
  "POLO CENTRO - JARU - RO",
  "POLO CENTRO - JARINÚ - SP",
  "POLO CENTRO - JARAGUÁ DO SUL - SC",
  "POLO CENTRO - JAPERI - RJ",
  "POLO CENTRO - JANAÚBA - MG",
  "POLO CENTRO - JAICÓS - PI",
  "POLO CENTRO - JAGUARIBE - CE",
  "POLO CENTRO - JABOATÃO DOS GUARARAPES - PE",
  "POLO CENTRO - ITURAMA - MG",
  "POLO CENTRO - ITATIAIA - RJ",
  "POLO CENTRO - ITAQUAQUECETUBA - SP",
  "POLO CENTRO - ITAPORANGA - PB",
  "POLO CENTRO - ITÁPOLIS - SP",
  "POLO CENTRO - ITAPIRA - SP",
  "POLO CENTRO - ITAPEMA - SC",
  "POLO CENTRO - ITAOCARA - RJ",
  "POLO CENTRO - ITAMONTE - MG",
  "POLO CENTRO - ITAMARANDIBA - MG",
  "POLO CENTRO - ITALVA - RJ",
  "POLO CENTRO - ITACOATIARA - AM",
  "POLO CENTRO - ITABERABA - BA",
  "POLO CENTRO - IPOJUCA - PE",
  "POLO CENTRO - IPIAU - BA",
  "POLO CENTRO - IMPERATRIZ - MA",
  "POLO CENTRO - IJUÍ - RS",
  "POLO CENTRO - IGARASSU - PE",
  "POLO CENTRO - IGARAPE-ACU - PA",
  "POLO CENTRO - IGARAPÉ - MG",
  "POLO CENTRO - IBIRITÉ - MG",
  "POLO CENTRO - GUARATINGUETÁ - SP",
  "POLO CENTRO - GUANAMBI - BA",
  "POLO CENTRO - GUAÍBA - RS",
  "POLO CENTRO - GROAÍRAS - CE",
  "POLO CENTRO - GRÃO MOGOL - MG",
  "POLO CENTRO - GOVERNADOR VALADARES - MG",
  "POLO CENTRO - GOVERNADOR NUNES FREIRE - MA",
  "POLO CENTRO - GOVERNADOR MANGABEIRA - BA",
  "POLO CENTRO - GOIATUBA - GO",
  "POLO CENTRO - GOIAS - GO",
  "POLO CENTRO - GOIÂNIA - GO",
  "POLO CENTRO - FREDERICO WESTPHALEN - RS",
  "POLO CENTRO - FLORIANÓPOLIS - SC",
  "POLO CENTRO - FLORIANO - PI",
  "POLO CENTRO - FLORESTA - PE",
  "POLO CENTRO - EUSEBIO - CE",
  "POLO CENTRO - EUNÁPOLIS - BA",
  "POLO CENTRO - ESTREITO - MA",
  "POLO CENTRO - ESTEIO - RS",
  "POLO CENTRO - ESTÂNCIA - SE",
  "POLO CENTRO - ESPLANADA - BA",
  "POLO CENTRO - ESCADA - PE",
  "POLO CENTRO - ERECHIM - RS",
  "POLO CENTRO - DUQUE DE CAXIAS - RJ",
  "POLO CENTRO - DIAMANTINA - MG",
  "POLO CENTRO - DIADEMA - SP",
  "POLO CENTRO - CURITIBA - PR",
  "POLO CENTRO - CUBATÃO - SP",
  "POLO CENTRO - CRUZ ALTA - RS",
  "POLO CENTRO - CRAVINHOS - SP",
  "POLO CENTRO - COXIM - MS",
  "POLO CENTRO - COTIA - SP",
  "POLO CENTRO - CORUMBÁ - MS",
  "POLO CENTRO - COROATA - MA",
  "POLO CENTRO - CORDEIRO - RJ",
  "POLO CENTRO - CONCEICAO DO COITE - BA",
  "POLO CENTRO - CONCEIÇÃO DO ARAGUAIA - PA",
  "POLO CENTRO - CONCEIÇÃO DE MACABU - RJ",
  "POLO CENTRO - COLINAS - MA",
  "POLO CENTRO - COLATINA - ES",
  "POLO CENTRO - COELHO NETO - MA",
  "POLO CENTRO - COCAL - PI",
  "POLO CENTRO - CIANORTE - PR",
  "POLO CENTRO - CHAPADA DOS GUIMARÃES - MT",
  "POLO CENTRO - CERES - GO",
  "POLO CENTRO - CAXIAS DO SUL - RS",
  "POLO CENTRO - CAXAMBU - MG",
  "POLO CENTRO - CATAGUASES - MG",
  "POLO CENTRO - CASIMIRO DE ABREU - RJ",
  "POLO CENTRO - CASA NOVA - BA",
  "POLO CENTRO - CARUTAPERA - MA",
  "POLO CENTRO - CARPINA - PE",
  "POLO CENTRO - CARMO - RJ",
  "POLO CENTRO - CARMESIA - MG",
  "POLO CENTRO - CARLOS CHAGAS - MG",
  "POLO CENTRO - CARATINGA - MG",
  "POLO CENTRO - CARANGOLA - MG",
  "POLO CENTRO - CAPIM GROSSO - BA",
  "POLO CENTRO - CAPANEMA - PA",
  "POLO CENTRO - CANTAGALO - RJ",
  "POLO CENTRO - CANOINHAS - SC",
  "POLO CENTRO - CANDEIAS - BA",
  "POLO CENTRO - CAMPO GRANDE - MS",
  "POLO CENTRO - CAMOCIM - CE",
  "POLO CENTRO - CAMARAGIBE - PE",
  "POLO CENTRO - CAMAQUA - RS",
  "POLO CENTRO - CAMANDUCAIA - MG",
  "POLO CENTRO - CAJAZEIRAS - PB",
  "POLO CENTRO - CÁCERES - MT",
  "POLO CENTRO - CAÇAPAVA DO SUL - RS",
  "POLO CENTRO - CACADOR - SC",
  "POLO CENTRO - CABO DE SANTO AGOSTINHO - PE",
  "POLO CENTRO - BRASILIA DE MINAS - MG",
  "POLO CENTRO - BRASILEIA - AC",
  "POLO CENTRO - BRAGANÇA - PA",
  "POLO CENTRO - BOM JESUS DO ITABAPOANA - RJ",
  "POLO CENTRO - BOM JARDIM - RJ",
  "POLO CENTRO - BOCAIUVA - MG",
  "POLO CENTRO - BOA VIAGEM - CE",
  "POLO CENTRO - BERTIOGA - SP",
  "POLO CENTRO - BENTO GONÇALVES - RS",
  "POLO CENTRO - BELO JARDIM - PE",
  "POLO CENTRO - BELO HORIZONTE - MG",
  "POLO CENTRO - BELFORD ROXO - RJ",
  "POLO CENTRO - BELA VISTA DO TOLDO - SC",
  "POLO CENTRO - BEBEDOURO - SP",
  "POLO CENTRO - BAYEUX - PB",
  "POLO CENTRO - BATURITE - CE",
  "POLO CENTRO - BATATAIS - SP",
  "POLO CENTRO - BATALHA - AL",
  "POLO CENTRO - BARREIROS - PE",
  "POLO CENTRO - BARRAS - PI",
  "POLO CENTRO - BARRA MANSA - RJ",
  "POLO CENTRO - BARRA DO PIRAÍ - RJ",
  "POLO CENTRO - BARBACENA - MG",
  "POLO CENTRO - BAIXO GUANDU - ES",
  "POLO CENTRO - BAGÉ - RS",
  "POLO CENTRO - AVEIRO - PA",
  "POLO CENTRO - ASSARE - CE",
  "POLO CENTRO - ARRAIAL DO CABO - RJ",
  "POLO CENTRO - ARMACAO DOS BUZIOS - RJ",
  "POLO CENTRO - ARCOVERDE - PE",
  "POLO CENTRO - ARARUAMA  - RJ",
  "POLO CENTRO - ARARI - MA",
  "POLO CENTRO - ARAIOSES - MA",
  "POLO CENTRO - ARAGUATINS - TO",
  "POLO CENTRO - ARACAJU - SE",
  "POLO CENTRO - AQUIRAZ - CE",
  "POLO CENTRO - APUI - AM",
  "POLO CENTRO - APERIBÉ - RJ",
  "POLO CENTRO - ANGRA DOS REIS - RJ",
  "POLO CENTRO - ANDRELÂNDIA - MG",
  "POLO CENTRO - AMPARO - SP",
  "POLO CENTRO - AMARANTE - PI",
  "POLO CENTRO - ALTO PARAISO DE GOIAS - GO",
  "POLO CENTRO - ALTA FLORESTA DOESTE - RO",
  "POLO CENTRO - ALTA FLORESTA - MT",
  "POLO CENTRO - ALMENARA - MG",
  "POLO CENTRO - ALAGOINHAS - BA",
  "POLO CENTRO - ÁGUA CLARA - MS",
  "POLO CENTRO - ABREU E LIMA - PE",
  "POLO CENTRAL DO BRASIL - RIO DE JANEIRO - RJ",
  "POLO CELINA PARK - GOIÂNIA - GO",
  "POLO CAVACOS - ALTEROSA - MG",
  "POLO CASTELO - BELO HORIZONTE - MG",
  "POLO CASCADURA - RIO DE JANEIRO - RJ",
  "POLO CASA CAIADA - OLINDA - PE",
  "POLO CASA AMARELA - RECIFE - PE",
  "POLO CARRILHO - GOIANÉSIA - GO",
  "POLO CAPÃO DA IMBÚIA - CURITIBA - PR",
  "POLO CANDEIAS - VITÓRIA DA CONQUISTA - BA",
  "POLO CANABARRO - TEUTÔNIA - RS",
  "POLO CAMPOS DOS GOYTACAZES - RJ",
  "POLO CAMPO GRANDE - RIO DE JANEIRO - RJ",
  "POLO CAMPO GRANDE - CARIACICA - ES",
  "POLO CAMPO DO PRADO - CACHOEIRAS DE MACACU - RJ",
  "POLO CAMPINAS - GOIÂNIA - GO",
  "POLO CAMOXINGA - SANTANA DE IPANEMA - AL",
  "POLO CABUÇU - NOVA IGUAÇU - RJ",
  "POLO CABRAL - CONTAGEM - MG",
  "POLO CABO FRIO - RJ",
  "POLO BROTAS - SALVADOR - BA",
  "POLO BRASÍLIA - SOBRADINHO II - DF",
  "POLO BOQUEIRÃO - PRAIA GRANDE - SP",
  "POLO BONSUCESSO - RIO DE JANEIRO - RJ",
  "POLO BOA VISTA - RECIFE - PE",
  "POLO BOA VISTA - CURITIBA - PR",
  "POLO BOA VIAGEM II - RECIFE - PE",
  "POLO BOA ESPERANÇA - SANTA HELENA - MA",
  "POLO BOA CICA - TOUROS - RN",
  "POLO BELO HORIZONTE - GUARACIABA DO NORTE - CE",
  "POLO BELA VISTA - SÃO PAULO - SP",
  "POLO BELA VISTA - ITAITUBA - PA",
  "POLO BELA VISTA - ALVORADA - RS",
  "POLO BARRO VERMELHO - SÃO GONÇALO - RJ",
  "POLO BARREIRO - BELO HORIZONTE - MG",
  "POLO BARRA WORLD - RECREIO - RJ",
  "POLO BANGU - RJ",
  "POLO BAL. MONTE CARLO - ILHA COMPRIDA - SP",
  "POLO BAIXA ITÁLIA - CASTELO - ES",
  "POLO AZENHA - PORTO ALEGRE - RS",
  "POLO AV. INTERLAGOS - SÃO PAULO - SP",
  "POLO AV DORIVAL - GRAVATAÍ - RS",
  "POLO AUSTIN - NOVA IGUAÇU - RJ",
  "POLO ATUBA - COLOMBO - PR",
  "POLO ATERRADO II - VOLTA REDONDA - RJ",
  "POLO ASSUNÇÃO - SÃO BERNARDO DO CAMPO - SP",
  "POLO ASSIS BRASIL - PORTO ALEGRE - RS",
  "POLO ARUANA - ARACAJU - SE",
  "POLO AREIAS - RECIFE - PE",
  "POLO AREIA BRANCA - CURURUPU - MA",
  "POLO AREAL - BR 040 - RJ",
  "POLO ARAÉS - CUIABÁ - MT",
  "POLO APEÚ - CASTANHAL - PA",
  "POLO ANTARES - MACEIÓ - AL",
  "POLO AMOREIRAS - PARACATU - MG",
  "POLO ALVORADA - BOA VISTA - RR",
  "POLO ALEXANDRINO - NATAL - RN",
  "POLO ALEIXO - MANAUS - AM",
  "POLO ALEGRIA - RESENDE - RJ",
  "POLO ALCÂNTARA - SÃO GONÇALO - RJ",
  "POLO ALAGOINHA VELHA - ALAGOINHAS - BA",
  "POLO ÁGUAS CLARAS II - BRASÍLIA - DF",
  "POLO ÁGUA SANTA - SÃO JOÃO DA BARRA - RJ",
  "POLO ÁGUA BRANCA - URUÇUÍ - PI",
  "POLO AEROPORTO - GUARAPARI - ES",
  "POLO ADÃO COLARES - BOTUMIRIM - MG",
  "POLO ABDIAS - RECIFE - PE",
  "POLO 25 DE AGOSTO - DUQUE DE CAXIAS - RJ",
  "POLO  DISTR C. - GUARAPUAVA - PR"
]